"tranche_horaire","nb_visites","duree_moyenne","pct_visites"
"9h-12h",4632,397.663707232568,31.278276723614
"14h-18h",4370,192.744143316491,29.5090823148086
"12h-14h",2849,256.636812411848,19.2383010331555
"Après 18h",1907,125.532631578947,12.8773043419542
"Avant 9h",1051,488.69457659372,7.09703558646769
